{"version":2,"languages":{"nodejs-npm":{"guessedImports":["xmldom","performance-now","node-webpmux","chalk","node-fetch","ws","wa-sticker-formatter","lowdb","pino","cheerio","syntax-error","file-type","jsdom","got","jsbarcode","express","cfonts","axios","@bochilteam/scraper","lodash","yargs","knights-canvas","awesome-phonenumber","formdata-node","node-gtts","@adiwajshing/baileys","googleapis","mongoose","terminal-image","fluent-ffmpeg"],"guessedImportsHash":"a8e24f0de62a9603b869c0f3d57bb9e6"},"nodejs-yarn":{"guessedImports":["express","lowdb","ws","chalk","yargs","pino","lodash","knights-canvas","node-fetch","syntax-error","cfonts"],"guessedImportsHash":"7ebe9cf036a7d1620e734386653dfc76"}}}
